{
  "Bicycle": {
    "AP": 0.29325870598207276,
    "AP50": 0.5597405674539343,
    "AP75": 0.2854529444010741,
    "AP_small": 0.004645849200304646,
    "AP_medium": 0.10028069503675682,
    "AP_large": 0.36602102110389334,
    "AR_max1": 0.2733928571428571,
    "AR_max10": 0.354375,
    "AR_max100": 0.354375,
    "AR_small": 0.030000000000000006,
    "AR_medium": 0.17854671280276818,
    "AR_large": 0.4246305418719212
  },
  "Boat": {
    "AP": 0.11052993301623444,
    "AP50": 0.2837613136108378,
    "AP75": 0.07289057851372398,
    "AP_small": 9.429514380009429e-05,
    "AP_medium": 0.03203599920048492,
    "AP_large": 0.1859136150830731,
    "AR_max1": 0.12116630669546435,
    "AR_max10": 0.16069114470842333,
    "AR_max100": 0.16097912167026635,
    "AR_small": 0.0013698630136986301,
    "AR_medium": 0.06323529411764706,
    "AR_large": 0.2449481865284974
  },
  "Bottle": {
    "AP": 0.18035937321200826,
    "AP50": 0.4346294468819375,
    "AP75": 0.123388260679685,
    "AP_small": 0.004665363199008645,
    "AP_medium": 0.12451716198161408,
    "AP_large": 0.2557207774354766,
    "AR_max1": 0.12354048964218456,
    "AR_max10": 0.23126177024482106,
    "AR_max100": 0.24425612052730697,
    "AR_small": 0.045132743362831865,
    "AR_medium": 0.21046025104602512,
    "AR_large": 0.3055045871559633
  },
  "Bus": {
    "AP": 0.4963224826313735,
    "AP50": 0.7081610862130615,
    "AP75": 0.59217465757193,
    "AP_small": 0.0,
    "AP_medium": 0.09603563119817483,
    "AP_large": 0.5581798959969673,
    "AR_max1": 0.4889518413597734,
    "AR_max10": 0.5436260623229462,
    "AR_max100": 0.5436260623229462,
    "AR_small": 0.0,
    "AR_medium": 0.1476190476190476,
    "AR_large": 0.6039024390243901
  },
  "Car": {
    "AP": 0.325595410254965,
    "AP50": 0.5745289298386276,
    "AP75": 0.3385670303885331,
    "AP_small": 0.04746939173509948,
    "AP_medium": 0.23597707535803644,
    "AP_large": 0.4298709122818196,
    "AR_max1": 0.2276733857191664,
    "AR_max10": 0.38872565766996925,
    "AR_max100": 0.3900922446190639,
    "AR_small": 0.11951219512195124,
    "AR_medium": 0.3075331125827815,
    "AR_large": 0.49260237780713345
  },
  "Cat": {
    "AP": 0.2477291416210445,
    "AP50": 0.4352267522470854,
    "AP75": 0.24455411667088847,
    "AP_small": 0.0,
    "AP_medium": 0.05084499352472733,
    "AP_large": 0.2977875981423627,
    "AR_max1": 0.28558855885588563,
    "AR_max10": 0.31749174917491746,
    "AR_max100": 0.31749174917491746,
    "AR_small": 0.0,
    "AR_medium": 0.08051948051948052,
    "AR_large": 0.3773224043715847
  },
  "Chair": {
    "AP": 0.21332194872803487,
    "AP50": 0.40156163100323133,
    "AP75": 0.2016759731681232,
    "AP_small": 0.0,
    "AP_medium": 0.1304438125811493,
    "AP_large": 0.24929191371203047,
    "AR_max1": 0.17135044173327724,
    "AR_max10": 0.2925536390408078,
    "AR_max100": 0.2958350862431637,
    "AR_small": 0.0,
    "AR_medium": 0.24740973312401887,
    "AR_large": 0.3181818181818182
  },
  "Cup": {
    "AP": 0.1667718737997574,
    "AP50": 0.3276925014802154,
    "AP75": 0.1473104475101874,
    "AP_small": 0.014984767734999722,
    "AP_medium": 0.1203732679042474,
    "AP_large": 0.25836761600205455,
    "AR_max1": 0.1451086956521739,
    "AR_max10": 0.21775362318840577,
    "AR_max100": 0.21775362318840577,
    "AR_small": 0.048205128205128206,
    "AR_medium": 0.1730978260869565,
    "AR_large": 0.30868965517241376
  },
  "Dog": {
    "AP": 0.21989400070365306,
    "AP50": 0.4162137622085559,
    "AP75": 0.19794481050305376,
    "AP_small": 0.0,
    "AP_medium": 0.09437456408144228,
    "AP_large": 0.2578517057515723,
    "AR_max1": 0.2556974459724951,
    "AR_max10": 0.27996070726915523,
    "AR_max100": 0.27996070726915523,
    "AR_small": 0.0,
    "AR_medium": 0.1710526315789474,
    "AR_large": 0.308679706601467
  },
  "Motorbike": {
    "AP": 0.270226680002188,
    "AP50": 0.47473930328257524,
    "AP75": 0.2754051234245429,
    "AP_small": 0.0004950495049504951,
    "AP_medium": 0.09787090773184598,
    "AP_large": 0.3445032180501892,
    "AR_max1": 0.2282649253731343,
    "AR_max10": 0.32378731343283584,
    "AR_max100": 0.32378731343283584,
    "AR_small": 0.0022727272727272726,
    "AR_medium": 0.16219081272084807,
    "AR_large": 0.4036193029490617
  },
  "People": {
    "AP": 0.3284729094123064,
    "AP50": 0.626328845171589,
    "AP75": 0.3015464964384674,
    "AP_small": 0.05862564642110056,
    "AP_medium": 0.22888424430663892,
    "AP_large": 0.45670031388563526,
    "AR_max1": 0.18298927613941018,
    "AR_max10": 0.3948123324396783,
    "AR_max100": 0.3995040214477211,
    "AR_small": 0.1432510885341074,
    "AR_medium": 0.3091507364462551,
    "AR_large": 0.5292573981016193
  },
  "Table": {
    "AP": 0.0832658974027799,
    "AP50": 0.13460651029032764,
    "AP75": 0.09209261808278085,
    "AP_small": 0.0,
    "AP_medium": 0.023505065505784656,
    "AP_large": 0.09953376397030396,
    "AR_max1": 0.12231962238705327,
    "AR_max10": 0.14619015509103167,
    "AR_max100": 0.14619015509103167,
    "AR_small": 0.0,
    "AR_medium": 0.03904109589041096,
    "AR_large": 0.17451146983857263
  }
}