{
  "Bicycle": {
    "AP": 0.31174436887691986,
    "AP50": 0.5894912515719415,
    "AP75": 0.2860480251001944,
    "AP_small": 0.0,
    "AP_medium": 0.11403975988941653,
    "AP_large": 0.3842684664799841,
    "AR_max1": 0.2894642857142857,
    "AR_max10": 0.36991071428571426,
    "AR_max100": 0.36991071428571426,
    "AR_small": 0.0,
    "AR_medium": 0.19446366782006924,
    "AR_large": 0.44100985221674877
  },
  "Boat": {
    "AP": 0.12893843918292375,
    "AP50": 0.3232764628792073,
    "AP75": 0.08397149628513333,
    "AP_small": 0.0031097263433395774,
    "AP_medium": 0.03947671915287501,
    "AP_large": 0.2113882039881573,
    "AR_max1": 0.13059755219582433,
    "AR_max10": 0.18416126709863212,
    "AR_max100": 0.18416126709863212,
    "AR_small": 0.01643835616438356,
    "AR_medium": 0.07849264705882353,
    "AR_large": 0.2744818652849741
  },
  "Bottle": {
    "AP": 0.19197570754941395,
    "AP50": 0.44730380957553517,
    "AP75": 0.1262979518373382,
    "AP_small": 0.007274054479980617,
    "AP_medium": 0.1251319708688703,
    "AP_large": 0.2738423886581511,
    "AR_max1": 0.1313245448838669,
    "AR_max10": 0.24074074074074076,
    "AR_max100": 0.252165725047081,
    "AR_small": 0.03982300884955752,
    "AR_medium": 0.203626220362622,
    "AR_large": 0.3292267365661862
  },
  "Bus": {
    "AP": 0.533089949846163,
    "AP50": 0.7641081907373124,
    "AP75": 0.6373151676597153,
    "AP_small": 0.0,
    "AP_medium": 0.12834515037489203,
    "AP_large": 0.5935996123030447,
    "AR_max1": 0.51685552407932,
    "AR_max10": 0.5776203966005665,
    "AR_max100": 0.5776203966005665,
    "AR_small": 0.0,
    "AR_medium": 0.17142857142857143,
    "AR_large": 0.6396747967479676
  },
  "Car": {
    "AP": 0.3442024227248843,
    "AP50": 0.6113937067921932,
    "AP75": 0.3537153443684352,
    "AP_small": 0.04614778464961454,
    "AP_medium": 0.24794016729977075,
    "AP_large": 0.4541468587387646,
    "AR_max1": 0.2351554492654595,
    "AR_max10": 0.4080628629996584,
    "AR_max100": 0.40990775538093605,
    "AR_small": 0.1326829268292683,
    "AR_medium": 0.31978476821192053,
    "AR_large": 0.5193527080581243
  },
  "Cat": {
    "AP": 0.26395811563989857,
    "AP50": 0.4600781828056452,
    "AP75": 0.27614263490370394,
    "AP_small": 0.0,
    "AP_medium": 0.05931517474981764,
    "AP_large": 0.3163213661048876,
    "AR_max1": 0.30616061606160616,
    "AR_max10": 0.3328932893289329,
    "AR_max100": 0.3328932893289329,
    "AR_small": 0.0,
    "AR_medium": 0.08506493506493505,
    "AR_large": 0.39549180327868855
  },
  "Chair": {
    "AP": 0.21345959876680928,
    "AP50": 0.39759534017472314,
    "AP75": 0.20809767667724413,
    "AP_small": 0.0008257196376008256,
    "AP_medium": 0.11542423915055867,
    "AP_large": 0.2551017107233487,
    "AR_max1": 0.1771140092553639,
    "AR_max10": 0.29373159444678165,
    "AR_max100": 0.2965082036180059,
    "AR_small": 0.025,
    "AR_medium": 0.23563579277864993,
    "AR_large": 0.32313519813519814
  },
  "Cup": {
    "AP": 0.17730503460960015,
    "AP50": 0.35847239521326335,
    "AP75": 0.15919294838004625,
    "AP_small": 0.01320996786708871,
    "AP_medium": 0.12862072027616067,
    "AP_large": 0.2751794790614391,
    "AR_max1": 0.15163043478260868,
    "AR_max10": 0.2304951690821256,
    "AR_max100": 0.2304951690821256,
    "AR_small": 0.04512820512820513,
    "AR_medium": 0.1809782608695652,
    "AR_large": 0.3308965517241379
  },
  "Dog": {
    "AP": 0.25643293423939817,
    "AP50": 0.47547549755931207,
    "AP75": 0.25625294674608184,
    "AP_small": 0.0009900990099009901,
    "AP_medium": 0.09979803109613174,
    "AP_large": 0.300516253857565,
    "AR_max1": 0.2810412573673871,
    "AR_max10": 0.31365422396856585,
    "AR_max100": 0.31365422396856585,
    "AR_small": 0.01,
    "AR_medium": 0.1726315789473684,
    "AR_large": 0.350122249388753
  },
  "Motorbike": {
    "AP": 0.2957738982443769,
    "AP50": 0.5311507324913768,
    "AP75": 0.2999818884778202,
    "AP_small": 0.0185997171145686,
    "AP_medium": 0.1123952864730531,
    "AP_large": 0.3750150581073644,
    "AR_max1": 0.24076492537313432,
    "AR_max10": 0.35503731343283584,
    "AR_max100": 0.355410447761194,
    "AR_small": 0.038636363636363635,
    "AR_medium": 0.18197879858657245,
    "AR_large": 0.43941018766756035
  },
  "People": {
    "AP": 0.3322973985135682,
    "AP50": 0.629530958594533,
    "AP75": 0.30784814882988254,
    "AP_small": 0.05210035650964363,
    "AP_medium": 0.22916703059388882,
    "AP_large": 0.46826179776083543,
    "AR_max1": 0.1860053619302949,
    "AR_max10": 0.3984182305630027,
    "AR_max100": 0.4015415549597855,
    "AR_small": 0.1246734397677794,
    "AR_medium": 0.30501410216233155,
    "AR_large": 0.5407314349525405
  },
  "Table": {
    "AP": 0.0886862972650672,
    "AP50": 0.1462786930299309,
    "AP75": 0.09335800844522243,
    "AP_small": 0.0,
    "AP_medium": 0.005907897051048118,
    "AP_large": 0.11071702482539629,
    "AR_max1": 0.13405259608900877,
    "AR_max10": 0.1590694538098449,
    "AR_max100": 0.1590694538098449,
    "AR_small": 0.0,
    "AR_medium": 0.020547945205479447,
    "AR_large": 0.1953271028037383
  }
}