{
  "Bicycle": {
    "AP": 0.33980690854965956,
    "AP50": 0.677612267133525,
    "AP75": 0.3169709363950839,
    "AP_small": 0.014844216412929124,
    "AP_medium": 0.1329046877414494,
    "AP_large": 0.43687051129088417,
    "AR_max1": 0.3144642857142857,
    "AR_max10": 0.44866071428571425,
    "AR_max100": 0.4541964285714285,
    "AR_small": 0.18,
    "AR_medium": 0.2664359861591696,
    "AR_large": 0.5272167487684729
  },
  "Boat": {
    "AP": 0.11853811174770224,
    "AP50": 0.3457204840039597,
    "AP75": 0.053643149492978374,
    "AP_small": 0.005785829189433626,
    "AP_medium": 0.045756514884682464,
    "AP_large": 0.23912899610314778,
    "AR_max1": 0.14024478041756655,
    "AR_max10": 0.24528437724982002,
    "AR_max100": 0.25673146148308135,
    "AR_small": 0.06301369863013698,
    "AR_medium": 0.14154411764705882,
    "AR_large": 0.3562176165803109
  },
  "Bottle": {
    "AP": 0.19130147907009742,
    "AP50": 0.524973862705325,
    "AP75": 0.10331251185864418,
    "AP_small": 0.012480579355669524,
    "AP_medium": 0.1328771400256581,
    "AP_large": 0.2886266093149879,
    "AR_max1": 0.13873195229127436,
    "AR_max10": 0.27865662272441927,
    "AR_max100": 0.3037037037037037,
    "AR_small": 0.11415929203539825,
    "AR_medium": 0.2649930264993027,
    "AR_large": 0.3681520314547838
  },
  "Bus": {
    "AP": 0.5393206927977426,
    "AP50": 0.803620433165353,
    "AP75": 0.6165673733079674,
    "AP_small": 0.014975871536733507,
    "AP_medium": 0.18792479018780403,
    "AP_large": 0.595499151663512,
    "AR_max1": 0.5152974504249292,
    "AR_max10": 0.5991501416430596,
    "AR_max100": 0.5992917847025496,
    "AR_small": 0.11428571428571428,
    "AR_medium": 0.27976190476190477,
    "AR_large": 0.6484552845528455
  },
  "Car": {
    "AP": 0.35696995328313247,
    "AP50": 0.7021800728945369,
    "AP75": 0.3190915229055165,
    "AP_small": 0.07928207320560912,
    "AP_medium": 0.2780848132375463,
    "AP_large": 0.47468467382769636,
    "AR_max1": 0.24393577041339257,
    "AR_max10": 0.4688076528869149,
    "AR_max100": 0.4773829859924838,
    "AR_small": 0.2473170731707317,
    "AR_medium": 0.3962748344370861,
    "AR_large": 0.5732496697490093
  },
  "Cat": {
    "AP": 0.3275610319117698,
    "AP50": 0.5953746006646513,
    "AP75": 0.3161924090556758,
    "AP_small": 0.00759075907590759,
    "AP_medium": 0.09422201542306828,
    "AP_large": 0.39378044197842416,
    "AR_max1": 0.34532453245324535,
    "AR_max10": 0.41441144114411443,
    "AR_max100": 0.41441144114411443,
    "AR_small": 0.0125,
    "AR_medium": 0.1636363636363636,
    "AR_large": 0.4797814207650274
  },
  "Chair": {
    "AP": 0.21682929198049197,
    "AP50": 0.436087102817405,
    "AP75": 0.19350294539618593,
    "AP_small": 0.0038637488397138798,
    "AP_medium": 0.12768708423416267,
    "AP_large": 0.27477030161122123,
    "AR_max1": 0.17778712663020613,
    "AR_max10": 0.3534707614640303,
    "AR_max100": 0.3648716870004207,
    "AR_small": 0.12083333333333332,
    "AR_medium": 0.3177394034536892,
    "AR_large": 0.3861305361305361
  },
  "Cup": {
    "AP": 0.20159213594281933,
    "AP50": 0.44091664927899415,
    "AP75": 0.16070950530397077,
    "AP_small": 0.024630848080185362,
    "AP_medium": 0.1617672581556374,
    "AP_large": 0.30717327055602134,
    "AR_max1": 0.17173913043478256,
    "AR_max10": 0.2857487922705314,
    "AR_max100": 0.2871376811594203,
    "AR_small": 0.1041025641025641,
    "AR_medium": 0.23953804347826088,
    "AR_large": 0.38510344827586207
  },
  "Dog": {
    "AP": 0.29899573826166903,
    "AP50": 0.6033167668844993,
    "AP75": 0.2686159257882517,
    "AP_small": 0.0053960396039603965,
    "AP_medium": 0.13043593177533672,
    "AP_large": 0.36963177825329857,
    "AR_max1": 0.3482318271119843,
    "AR_max10": 0.4057956777996071,
    "AR_max100": 0.4057956777996071,
    "AR_small": 0.03,
    "AR_medium": 0.23473684210526313,
    "AR_large": 0.450122249388753
  },
  "Motorbike": {
    "AP": 0.31501901126970605,
    "AP50": 0.6162615305955657,
    "AP75": 0.2790929197972181,
    "AP_small": 0.034023623152786495,
    "AP_medium": 0.15201036064234616,
    "AP_large": 0.39890229871095545,
    "AR_max1": 0.24888059701492532,
    "AR_max10": 0.41483208955223877,
    "AR_max100": 0.4222947761194029,
    "AR_small": 0.12727272727272726,
    "AR_medium": 0.2745583038869258,
    "AR_large": 0.4951742627345844
  },
  "People": {
    "AP": 0.34348372538261357,
    "AP50": 0.715494904379213,
    "AP75": 0.28629210296087576,
    "AP_small": 0.061447114603299435,
    "AP_medium": 0.2627179855448438,
    "AP_large": 0.48908422497868315,
    "AR_max1": 0.19064343163538872,
    "AR_max10": 0.4435388739946382,
    "AR_max100": 0.4677345844504021,
    "AR_small": 0.2200290275761974,
    "AR_medium": 0.38141648386085875,
    "AR_large": 0.5922389726409827
  },
  "Table": {
    "AP": 0.10113921232703674,
    "AP50": 0.19157271573881446,
    "AP75": 0.09750558776619069,
    "AP_small": 0.00023762376237623762,
    "AP_medium": 0.018245493711323994,
    "AP_large": 0.14329065434507557,
    "AR_max1": 0.19649359406608227,
    "AR_max10": 0.30134861766689147,
    "AR_max100": 0.306608226567768,
    "AR_small": 0.02142857142857143,
    "AR_medium": 0.15136986301369862,
    "AR_large": 0.3485131690739167
  }
}