{
  "AP": 0.27921310771037006,
  "AP50": 0.5544276158551535,
  "AP75": 0.2509580741690466,
  "AP_small": 0.022046527234883692,
  "AP_medium": 0.1437195062969883,
  "AP_large": 0.3676202427194923,
  "AR_max1": 0.2526478732173386,
  "AR_max10": 0.38830881355683167,
  "AR_max100": 0.39668003655786527,
  "AR_small": 0.11291183348628123,
  "AR_medium": 0.2593337644116318,
  "AR_large": 0.4675296175095903
}