{
  "AP": 0.2614886804549186,
  "AP50": 0.47784626845208117,
  "AP75": 0.25735185314256814,
  "AP_small": 0.01185478546764479,
  "AP_medium": 0.11713017891470696,
  "AP_large": 0.33486318505074486,
  "AR_max1": 0.2316805464165134,
  "AR_max10": 0.32198293802978345,
  "AR_max100": 0.3236115167451154,
  "AR_small": 0.036031858364629785,
  "AR_medium": 0.17913727404140906,
  "AR_large": 0.3982383739020514
}