{
  "AP": 0.24464569639720155,
  "AP50": 0.4480992208068315,
  "AP75": 0.2394169214460825,
  "AP_small": 0.010915030244938636,
  "AP_medium": 0.11126195153424193,
  "AP_large": 0.31331186261794824,
  "AR_max1": 0.2188369872227396,
  "AR_max10": 0.30426909621524934,
  "AR_max100": 0.30615426708223453,
  "AR_small": 0.03247864545920372,
  "AR_medium": 0.17415472787793224,
  "AR_large": 0.37432082396703686
}