{
  "AP": 0.24455086738474052,
  "AP50": 0.44758778318159426,
  "AP75": 0.2390600753733544,
  "AP_small": 0.010915030244938636,
  "AP_medium": 0.1112458247191674,
  "AP_large": 0.3132995834177144,
  "AR_max1": 0.2188204069784055,
  "AR_max10": 0.3042426934597481,
  "AR_max100": 0.3061293558464584,
  "AR_small": 0.03247864545920372,
  "AR_medium": 0.17413453546648394,
  "AR_large": 0.37435790499378413
}