{
  "AP": 0.2614150102699107,
  "AP50": 0.47783388771014523,
  "AP75": 0.25730756603254545,
  "AP_small": 0.01185478546764479,
  "AP_medium": 0.11711598565844755,
  "AP_large": 0.33483063187305784,
  "AR_max1": 0.23166093417123335,
  "AR_max10": 0.32196173684641327,
  "AR_max100": 0.3235916524129057,
  "AR_small": 0.036031858364629785,
  "AR_medium": 0.17911792750510774,
  "AR_large": 0.3982820864048023
}